dataset,n,pi,B,n_grid,d_pi_python,d_pi_R,d_pi_julia,max_abs_d_diff,p_pi_python,p_pi_R,p_pi_julia,p_values_equal
n100,100,1.00,1999,50,0.496231091316,0.496231091316,0.496231091316,1.39e-13,0.000500000000,0.000500000000,0.000500000000,true
n100,100,0.95,1999,50,0.522017008652,0.522017008652,0.522017008652,4.54e-13,0.000500000000,0.000500000000,0.000500000000,true
n100,100,0.90,1999,50,0.541756553995,0.541756553995,0.541756553995,1.85e-13,0.000500000000,0.000500000000,0.000500000000,true
n200,200,1.00,1999,50,0.494148059996,0.494148059996,0.494148059996,1.57e-13,0.000500000000,0.000500000000,0.000500000000,true
n200,200,0.95,1999,50,0.542434457569,0.542434457569,0.542434457569,8.22e-15,0.000500000000,0.000500000000,0.000500000000,true
n200,200,0.90,1999,50,0.584832235550,0.584832235550,0.584832235550,3.27e-13,0.000500000000,0.000500000000,0.000500000000,true
n500,500,1.00,1999,50,0.451973906008,0.451973906008,0.451973906008,1.38e-13,0.000500000000,0.000500000000,0.000500000000,true
n500,500,0.95,1999,50,0.510040253228,0.510040253228,0.510040253228,2.81e-13,0.000500000000,0.000500000000,0.000500000000,true
n500,500,0.90,1999,50,0.556597873468,0.556597873468,0.556597873468,3.20e-13,0.000500000000,0.000500000000,0.000500000000,true
n1000,1000,1.00,1999,50,0.451162596279,0.451162596279,0.451162596279,4.39e-13,0.000500000000,0.000500000000,0.000500000000,true
n1000,1000,0.95,1999,50,0.514367098218,0.514367098218,0.514367098218,1.56e-13,0.000500000000,0.000500000000,0.000500000000,true
n1000,1000,0.90,1999,50,0.556498852070,0.556498852070,0.556498852070,3.51e-13,0.000500000000,0.000500000000,0.000500000000,true
