"pi","outcome_level","X_required"
"1.00",0,0.0824616834685377
"1.00",1,0.0824616834685377
"1.00",2,0.0824616834685377
"1.00",3,0.0824616834685377
"1.00",4,0.0824616834685377
"1.00",5,0.0989993926386101
"1.00",6,0.270727367578716
"1.00",7,0.270727367578716
"1.00",8,0.270727367578716
"1.00",9,0.270727367578716
"1.00",10,0.270727367578716
"1.00",11,0.270727367578716
"1.00",12,0.389414638113261
"1.00",13,0.389414638113261
"1.00",14,2.83437705713985
"1.00",15,3.73102924029276
"1.00",16,3.73102924029276
"1.00",17,3.73102924029276
"1.00",18,3.73102924029276
"1.00",19,3.73102924029276
"1.00",20,7.02333708867032
"1.00",21,7.02333708867032
"1.00",22,10.5942356990962
"1.00",23,10.5942356990962
"1.00",24,10.5942356990962
"1.00",25,10.5942356990962
"1.00",26,13.5221362003986
"1.00",27,13.5221362003986
"1.00",28,13.5221362003986
"1.00",29,13.5221362003986
"1.00",30,15.7025497334193
"1.00",31,15.7025497334193
"1.00",32,15.7025497334193
"1.00",33,15.7025497334193
"1.00",34,15.7025497334193
"1.00",35,15.7025497334193
"1.00",36,28.0588620532749
"1.00",37,28.0588620532749
"1.00",38,28.0588620532749
"1.00",39,28.0588620532749
"1.00",40,28.0588620532749
"1.00",41,28.0588620532749
"1.00",42,28.0588620532749
"1.00",43,28.0588620532749
"1.00",44,33.8591443210814
"1.00",45,40.1306335382196
"1.00",46,40.1306335382196
"1.00",47,40.1306335382196
"1.00",48,43.9350061856225
"1.00",49,43.9350061856225
"1.00",50,43.9350061856225
"1.00",51,43.9350061856225
"1.00",52,49.6564897147187
"1.00",53,49.6564897147187
"1.00",54,49.6564897147187
"1.00",55,54.8397736034718
"1.00",56,54.8397736034718
"1.00",57,54.8397736034718
"1.00",58,56.0599475066392
"1.00",59,56.0599475066392
"1.00",60,56.0599475066392
"1.00",61,56.0599475066392
"1.00",62,56.0599475066392
"1.00",63,56.0599475066392
"1.00",64,58.6176295270972
"1.00",65,58.6176295270972
"1.00",66,62.4760634684592
"1.00",67,67.1403524173032
"1.00",68,67.1403524173032
"1.00",69,67.1403524173032
"1.00",70,67.1403524173032
"1.00",71,71.076153502193
"1.00",72,71.076153502193
"1.00",73,77.668867634929
"1.00",74,77.668867634929
"1.00",75,77.668867634929
"1.00",76,77.668867634929
"1.00",77,77.668867634929
"1.00",78,79.0865130863268
"1.00",79,79.0865130863268
"1.00",80,88.6557913666278
"1.00",81,88.6557913666278
"1.00",82,88.6557913666278
"1.00",83,88.6557913666278
"1.00",84,88.6557913666278
"1.00",85,88.6557913666278
"1.00",86,88.6557913666278
"1.00",87,88.6557913666278
"1.00",88,90.2149668409001
"1.00",89,90.2149668409001
"1.00",90,100
"1.00",91,100
"1.00",92,100
"1.00",93,100
"1.00",94,100
"1.00",95,100
"1.00",96,100
"1.00",97,100
"1.00",98,100
"1.00",99,100
"1.00",100,100
"0.95",0,4.88753768508756
"0.95",1,5.40543116185992
"0.95",2,5.68176783999814
"0.95",3,5.68176783999814
"0.95",4,5.76010503789748
"0.95",5,6.13040657734423
"0.95",6,6.42088515654644
"0.95",7,7.02333708867032
"0.95",8,8.05449467131132
"0.95",9,8.87344930078892
"0.95",10,9.6752898361096
"0.95",11,9.69345417893137
"0.95",12,10.5942356990962
"0.95",13,10.8308121188994
"0.95",14,12.3856881129302
"0.95",15,15.1663708779445
"0.95",16,16.0338124942868
"0.95",17,16.0338124942868
"0.95",18,16.0338124942868
"0.95",19,16.5752946842353
"0.95",20,17.2927307766931
"0.95",21,18.3808123878501
"0.95",22,19.0727157322718
"0.95",23,19.3025189539371
"0.95",24,22.3036127998295
"0.95",25,22.3036127998295
"0.95",26,23.2732146676187
"0.95",27,24.4854747193716
"0.95",28,25.5939081880744
"0.95",29,26.2388472733625
"0.95",30,28.0588620532749
"0.95",31,31.6275377184974
"0.95",32,33.8591443210814
"0.95",33,36.4678290378796
"0.95",34,36.6687561257428
"0.95",35,37.3383543258675
"0.95",36,39.4084089415258
"0.95",37,40.1306335382196
"0.95",38,40.1306335382196
"0.95",39,40.1306335382196
"0.95",40,40.1306335382196
"0.95",41,40.1306335382196
"0.95",42,40.1306335382196
"0.95",43,41.4852005526165
"0.95",44,46.2600060710808
"0.95",45,49.5491341268682
"0.95",46,49.6564897147187
"0.95",47,50.5975503911133
"0.95",48,54.8397736034718
"0.95",49,54.8397736034718
"0.95",50,54.8397736034718
"0.95",51,56.0599475066392
"0.95",52,56.5316547004943
"0.95",53,56.5316547004943
"0.95",54,56.5316547004943
"0.95",55,57.0730606120246
"0.95",56,58.6176295270972
"0.95",57,58.6176295270972
"0.95",58,58.6176295270972
"0.95",59,58.6176295270972
"0.95",60,58.6176295270972
"0.95",61,59.6432467890842
"0.95",62,59.6432467890842
"0.95",63,59.6432467890842
"0.95",64,60.3944664978627
"0.95",65,62.4760634684592
"0.95",66,67.1403524173032
"0.95",67,71.076153502193
"0.95",68,71.076153502193
"0.95",69,71.076153502193
"0.95",70,71.076153502193
"0.95",71,71.076153502193
"0.95",72,71.076153502193
"0.95",73,77.668867634929
"0.95",74,77.668867634929
"0.95",75,77.668867634929
"0.95",76,77.668867634929
"0.95",77,77.668867634929
"0.95",78,79.0865130863268
"0.95",79,79.0865130863268
"0.95",80,88.6557913666278
"0.95",81,88.6557913666278
"0.95",82,88.6557913666278
"0.95",83,88.6557913666278
"0.95",84,88.6557913666278
"0.95",85,88.6557913666278
"0.95",86,88.6557913666278
"0.95",87,88.6557913666278
"0.95",88,90.2149668409001
"0.95",89,90.2149668409001
"0.95",90,100
"0.95",91,100
"0.95",92,100
"0.95",93,100
"0.95",94,100
"0.95",95,100
"0.95",96,100
"0.95",97,100
"0.95",98,100
"0.95",99,100
"0.95",100,100
"0.90",0,9.42298644461003
"0.90",1,10.8308121188994
"0.90",2,10.9487325700815
"0.90",3,10.9487325700815
"0.90",4,11.0170045106133
"0.90",5,11.2123163472389
"0.90",6,12.2289537202819
"0.90",7,12.3843681943371
"0.90",8,14.0179742203332
"0.90",9,14.1289267087101
"0.90",10,14.9227728440256
"0.90",11,15.7025497334193
"0.90",12,16.8644881804979
"0.90",13,18.3808123878501
"0.90",14,19.4628211604922
"0.90",15,21.6633438205872
"0.90",16,22.9948017818632
"0.90",17,23.2553015203676
"0.90",18,23.4672265461594
"0.90",19,25.3891087922386
"0.90",20,25.5186512293542
"0.90",21,26.2388472733625
"0.90",22,28.0588620532749
"0.90",23,28.7809014961368
"0.90",24,29.3960470924571
"0.90",25,31.4154888078342
"0.90",26,33.8591443210814
"0.90",27,35.5281539552777
"0.90",28,36.4678290378796
"0.90",29,37.3383543258675
"0.90",30,39.4084089415258
"0.90",31,39.6552722828847
"0.90",32,41.4852005526165
"0.90",33,41.6704103082463
"0.90",34,41.8277319228367
"0.90",35,44.738407280412
"0.90",36,46.4401626317192
"0.90",37,48.6982082304995
"0.90",38,48.6982082304995
"0.90",39,48.6982082304995
"0.90",40,48.6982082304995
"0.90",41,48.6982082304995
"0.90",42,49.5491341268682
"0.90",43,49.6564897147187
"0.90",44,50.6473310498379
"0.90",45,51.5898896244421
"0.90",46,54.8397736034718
"0.90",47,56.0599475066392
"0.90",48,57.0730606120246
"0.90",49,58.6176295270972
"0.90",50,58.6176295270972
"0.90",51,58.9624852905316
"0.90",52,59.6432467890842
"0.90",53,59.6432467890842
"0.90",54,59.7779340630038
"0.90",55,60.3944664978627
"0.90",56,60.3944664978627
"0.90",57,60.3944664978627
"0.90",58,60.3944664978627
"0.90",59,60.3944664978627
"0.90",60,60.3944664978627
"0.90",61,60.3944664978627
"0.90",62,61.0407319433473
"0.90",63,61.0407319433473
"0.90",64,62.4760634684592
"0.90",65,65.2787224491315
"0.90",66,71.076153502193
"0.90",67,77.668867634929
"0.90",68,77.668867634929
"0.90",69,77.668867634929
"0.90",70,77.668867634929
"0.90",71,77.668867634929
"0.90",72,77.668867634929
"0.90",73,78.4708909188148
"0.90",74,78.4708909188148
"0.90",75,78.4708909188148
"0.90",76,78.4708909188148
"0.90",77,78.4708909188148
"0.90",78,79.0865130863268
"0.90",79,79.0865130863268
"0.90",80,88.6557913666278
"0.90",81,88.6557913666278
"0.90",82,88.6557913666278
"0.90",83,88.6557913666278
"0.90",84,88.6557913666278
"0.90",85,88.6557913666278
"0.90",86,88.6557913666278
"0.90",87,88.6557913666278
"0.90",88,90.2149668409001
"0.90",89,90.2149668409001
"0.90",90,100
"0.90",91,100
"0.90",92,100
"0.90",93,100
"0.90",94,100
"0.90",95,100
"0.90",96,100
"0.90",97,100
"0.90",98,100
"0.90",99,100
"0.90",100,100
