X,Y
77.39560485559633,69.26389277594821
43.88784397520523,24.029425434376183
85.85979199113825,6.198598589033673
69.73680290593639,69.11415224778956
9.417734788764953,15.301794003352379
97.5622351636756,55.958164168616705
76.1139701990353,16.45519158363822
78.60643052769538,8.639546721185482
12.811363267554587,0.0
45.038593789556714,43.214152448801464
37.07980242325812,6.290322435152716
92.67649888486018,0.0
64.38651200806646,3.014640771029689
82.276161327083,27.158712118637865
44.34141988273311,5.310106253336937
22.723872178477688,19.87457922760281
55.45847870158348,35.87472297820847
6.381725610417533,8.635576603189177
82.7631171992582,14.62427561568881
63.166439912206485,31.042251568713287
75.80877400853738,29.25417399928024
35.45259681298683,24.410006650204686
97.06980243949033,0.07730105740107629
89.31211213221977,12.935101877641065
77.83834970737618,0.0
19.463870785196757,8.667643437829598
46.67210037270342,6.654989575792527
4.380376578722878,0.0
15.428949206754783,0.6625653871506783
68.30489532424546,26.14215162368201
74.47621559078172,12.34871889173719
96.750973243421,90.72853181087459
32.58253581381519,11.00227937222405
37.045970603486886,4.443969824347086
46.95558112758079,13.320550733943552
18.94713590842857,0.0
12.992150533547164,25.191961185229374
47.57049262259338,17.71849709269754
22.69093490508841,18.090613571784942
66.98139946825104,0.0
43.715191887233075,3.7637326519021492
83.26781960578374,20.00402358295038
70.0265102002249,61.29428637545385
31.236664138204105,11.464194671869988
83.2259801395201,15.71526424148058
80.47643574968019,5.567722842925037
38.74783790301745,0.0
28.83281039302441,4.8423978318574745
68.24955039749754,22.582281577085126
13.97524836093098,0.0
19.990820247510833,17.45579727410693
0.7362269751005512,19.896792933088985
78.69243775021384,13.23100108256092
66.48508565920321,17.26487350271482
70.51653786263351,0.0
78.07290310219679,38.13424397740213
45.891577553834,11.186402558496157
56.87411959528937,23.596529214872355
13.979699812765745,13.226988350880683
11.453007353597345,17.723290682715707
66.84029617904716,2.5726921348608958
47.10962061431325,44.68087853487152
56.52361064811888,2.806001074237054
76.49988574160255,0.0
63.47183200005908,20.27466456440239
55.35794006579958,7.472080927582052
55.92071607454135,43.98557089983577
30.39500980626122,24.455485025688038
3.0817834567939406,3.6582735074121966
43.671738923236234,51.377610830429745
21.45846728195292,3.43489887020878
40.852864372463614,14.598247575832124
85.34030732681661,5.94802987650549
23.393948586534073,30.565666020454422
5.830274168906602,0.0
28.138389202199654,1.34447249668203
29.35937577666836,7.174801609735993
66.1916514726895,78.55304075460056
55.70321523412783,55.86537554924176
78.38982091064135,47.29073363112173
66.43135403273875,53.657363515979654
40.63868614400705,35.09780696170409
81.40203846660347,27.43016478219015
16.697291990770392,3.964754139723702
2.2712073133860478,12.011221337212566
9.004786077564175,2.939508032911365
72.23593505964503,14.376805505075104
46.18772302513874,2.301891068701723
16.127177903360177,11.568633836655753
50.10447751033635,2.080935748962169
15.231210271316842,25.581270034297507
69.6320375077736,4.517683686395761
44.61562755740307,0.0
38.10212260964825,32.31840014077442
30.151208914787652,0.0
63.028259311888846,2.814022004056679
36.18126105533904,22.323563443394136
8.7649919316101,6.904631440960321
11.800590212051532,0.018440344781803897
96.18976645495145,10.02423868234051
